{
  "model_id": "fusion_logreg_v2",
  "feature_names": [
    "clip_conf",
    "clip_forensic_gap",
    "clip_risk",
    "compression_score",
    "compression_x_clip",
    "compression_x_forensic",
    "confidence_mean",
    "deterministic_conf_mean",
    "deterministic_risk_mean",
    "forensic_conf",
    "forensic_risk",
    "frequency_conf",
    "frequency_risk",
    "metadata_camera_hint",
    "metadata_conf",
    "metadata_risk",
    "metadata_transport_hint",
    "prnu_conf",
    "prnu_frequency_gap",
    "prnu_risk",
    "provenance_conf",
    "provenance_risk",
    "provenance_stack_mean",
    "spatial_conf",
    "spatial_risk",
    "tamper_conf",
    "tamper_risk",
    "transformer_conf_mean",
    "transformer_risk_mean",
    "watermark_conf",
    "watermark_risk"
  ],
  "means": [
    0.15000000000000005,
    -0.01527913385826772,
    0.5,
    0.16395807086614192,
    0.08197903543307096,
    0.08631593045275582,
    0.4034643263342082,
    0.5021834153543306,
    0.2873537401574803,
    0.4912576771653542,
    0.515279133858268,
    0.5815228346456695,
    0.2795970472440947,
    0.003937007874015748,
    0.456141732283461,
    0.43645669291339023,
    0.9724409448818898,
    0.45048897637795293,
    0.14955039370078746,
    0.4291474409448816,
    0.2399999999999979,
    0.5500000000000053,
    0.34049599737532693,
    0.5426588582677169,
    0.2295635826771652,
    0.43406299212598304,
    0.2111068897637795,
    0.32062883858267716,
    0.5076395669291343,
    0.2850458661417322,
    0.03503129921259839
  ],
  "stds": [
    1e-06,
    0.1308069478127985,
    1e-06,
    0.1277919206910837,
    0.06389596034554185,
    0.07399960893092788,
    0.020574654722478512,
    0.03373182208479343,
    0.09373849395685115,
    0.11050825369163386,
    0.13080694781279845,
    0.061667619266358366,
    0.06651507504180286,
    0.06262194378183787,
    0.07316842014992143,
    0.05212080998178835,
    0.16370569201804494,
    0.10722880513245171,
    0.2765307314083388,
    0.23956370269916008,
    1e-06,
    1e-06,
    0.027876080681835863,
    0.09255670713516308,
    0.09026547499973725,
    0.08401677120084829,
    0.1565529629500402,
    0.05525412684581694,
    0.06540347390639926,
    0.05585351731356812,
    0.05471673966072398
  ],
  "weights": [
    -1.3664326679777375e-11,
    0.44822844168032644,
    0.0,
    -0.14018408888825823,
    -0.14018408888825823,
    0.07083551633365792,
    0.147432463028411,
    -0.1199924135299397,
    -0.111014180856611,
    0.6646843889398726,
    -0.44822844168032727,
    -0.02229736765624586,
    0.13156487684135648,
    -0.2948373198845445,
    -0.34474488055642827,
    0.009912407947096545,
    -0.10006489380771616,
    -0.21488794103523354,
    0.22228815275015704,
    0.2931184997067759,
    5.124122504916507e-10,
    -1.284446707899073e-09,
    0.16624207988382006,
    0.7466869154554228,
    -0.6450594768631508,
    -0.7246640108906045,
    -0.3983968620161123,
    0.6646843889398721,
    -0.44822844168032777,
    -0.0848303538707027,
    0.2446397619192659
  ],
  "bias": 0.3651843555756432,
  "calibrator": {
    "a": 1.1527976506925106,
    "b": 0.21139510317542923
  },
  "thresholds": {
    "default": {
      "risk_low": 0.32,
      "risk_high": 0.52,
      "min_confidence": 0.46
    },
    "low": {
      "risk_low": 0.32,
      "risk_high": 0.52,
      "min_confidence": 0.46
    },
    "medium": {
      "risk_low": 0.36,
      "risk_high": 0.52,
      "min_confidence": 0.22
    }
  },
  "subtype": {
    "feature_names": [
      "frequency_risk",
      "forensic_risk",
      "clip_risk",
      "tamper_risk",
      "spatial_risk",
      "compression_score",
      "metadata_transport_hint",
      "metadata_camera_hint",
      "watermark_risk",
      "prnu_risk",
      "clip_forensic_gap",
      "prnu_frequency_gap"
    ],
    "means": [
      0.2921777439024391,
      0.5138006097560976,
      0.5,
      0.1726131097560976,
      0.22603719512195106,
      0.17104207317073167,
      0.9664634146341463,
      0.0,
      0.03899908536585364,
      0.3826634146341463,
      -0.013800609756097575,
      0.09048567073170721
    ],
    "stds": [
      0.07100506610941719,
      0.12241983140643271,
      1e-06,
      0.16538636945070595,
      0.08899770732555887,
      0.12916269188024357,
      0.18003300477371514,
      1e-06,
      0.0526626710288716,
      0.2582315311140586,
      0.12241983140643273,
      0.3041894502681317
    ],
    "weights": [
      -0.44094204196009573,
      -0.4084149249907416,
      0.0,
      1.6910188602785894,
      0.16835316126285585,
      -1.2070006200436512,
      -0.46905394394251704,
      0.0,
      -0.40249142448003467,
      0.7473541878331333,
      0.4084149249907411,
      0.7373678963906855
    ],
    "bias": 0.5868805991551728,
    "calibrator": {
      "a": 0.8078982170912028,
      "b": 0.08014093246119054
    },
    "validation": {
      "accuracy": 0.939,
      "ece": 0.0779,
      "num_val": 82
    }
  },
  "training": {
    "dataset_root": "/Users/mehulyeole/Desktop/python-test/AI detector/dataset_curated",
    "counts": {
      "real": 225,
      "ai_generated": 225,
      "ai_edited": 185
    },
    "num_total": 635,
    "num_train": 508,
    "num_val": 127,
    "seed": 42,
    "val_ratio": 0.2,
    "epochs": 1200,
    "learning_rate": 0.18,
    "l2": 0.002,
    "validation_metrics": {
      "default": {
        "recall_ai": 0.926829268292683,
        "specificity_real": 0.5777777777777777,
        "accuracy": 0.8031496062992126,
        "suspicious_rate": 0.4094488188976378,
        "tp": 76,
        "tn": 26,
        "fp": 19,
        "fn": 6
      },
      "low": {
        "recall_ai": 0.9466666666666667,
        "specificity_real": 0.5952380952380952,
        "accuracy": 0.8205128205128205,
        "suspicious_rate": 0.42735042735042733,
        "tp": 71,
        "tn": 25,
        "fp": 17,
        "fn": 4
      },
      "medium": {
        "recall_ai": 0.7142857142857143,
        "specificity_real": 0.6666666666666666,
        "accuracy": 0.7,
        "suspicious_rate": 0.1,
        "tp": 5,
        "tn": 2,
        "fp": 1,
        "fn": 2
      }
    },
    "binary_calibration": {
      "ece": 0.1497,
      "platt_a": 1.152798,
      "platt_b": 0.211395
    },
    "three_way_metrics": {
      "accuracy": 0.6693,
      "macro_precision": 0.7087,
      "macro_recall": 0.6841,
      "macro_f1": 0.67,
      "brier_3way": 0.3601,
      "per_class": {
        "real": {
          "precision": 0.5294,
          "recall": 0.8,
          "f1": 0.6372,
          "support": 45
        },
        "ai_generated": {
          "precision": 0.6522,
          "recall": 0.3333,
          "f1": 0.4412,
          "support": 45
        },
        "ai_edited": {
          "precision": 0.9444,
          "recall": 0.9189,
          "f1": 0.9315,
          "support": 37
        }
      },
      "confusion_matrix": {
        "real": {
          "real": 36,
          "ai_generated": 8,
          "ai_edited": 1
        },
        "ai_generated": {
          "real": 29,
          "ai_generated": 15,
          "ai_edited": 1
        },
        "ai_edited": {
          "real": 3,
          "ai_generated": 0,
          "ai_edited": 34
        }
      }
    }
  }
}